386760,Zachary Fox,33,560690,Manager,Management,72349,Automation,Lily Elliott,Locesude,ME
733136,Julia Wade,55,890264,Programmer,Testing,88898,Cryptocurrency,Adam McDaniel,Peawoba,OR
061952,Susan Bryant,33,599844,Tester,Management,62283,Insurance,Charles Perez,Vunuzid,TN
634013,Dominic Wallace,27,343069,Clerk,Testing,17985,IOT,Lily Elliott,Pihevoc,MT
449143,Nina Paul,61,313572,Clerk,Development,89049,Insurance,Adam McDaniel,Kasugti,SC
442371,Celia Martinez,45,818473,Admin,Development,75086,IOT,Harvey Reeves,Nuroldi,VT
502988,Frank Rice,65,816642,Programmer,Testing,59177,Insurance,Lily Elliott,Zefladop,CA
078594,Marie Rivera,47,948338,Clerk,Testing,81685,Banking,Adam McDaniel,Raduzur,NY
085216,Shawn Cohen,48,874541,Clerk,Development,42895,VR Game,Adam McDaniel,Mulgelwov,AR
976150,Maude Kim,27,082874,Admin,Development,27752,Cryptocurrency,Adam McDaniel,Rekcowec,WV
511869,Timothy Hale,47,159726,Tester,Development,29930,Cryptocurrency,Harvey Reeves,Osegme,CO
474428,Gene Mathis,26,991605,Clerk,Management,58156,Banking,Charles Perez,Imituteri,TN
612989,Cora Spencer,25,160833,Programmer,Development,71934,Cryptocurrency,Harvey Reeves,Zozwumiw,OR
507597,Timothy Huff,52,743166,Clerk,Testing,51370,Insurance,Adam McDaniel,Dophehin,WA
316433,Edith White,21,501463,Manager,Development,60837,Automation,Charles Perez,Izailawu,DC
623013,Sean Beck,31,904808,Admin,Management,82873,Insurance,Adam McDaniel,Odfomja,MO
163829,Eunice Wright,50,548319,Programmer,Testing,01954,Insurance,Harvey Reeves,Gihcahgo,NJ
885913,Theresa Obrien,34,835370,Programmer,Management,98484,Automation,Harvey Reeves,Illoju,LA
609361,Harvey Joseph,63,468229,Clerk,Development,14336,VR Game,Emily Beck,Kanukbiv,AK
021771,Myra Cruz,34,416899,Programmer,Development,77642,Cryptocurrency,Lily Elliott,Mubabgi,NM
871306,Jerry Obrien,43,612571,Clerk,Management,83896,Cryptocurrency,Charles Perez,Bobewi,TN
487534,Eleanor Pope,41,910425,Admin,Development,44598,Automation,Lily Elliott,Kutifdar,MS
009053,Tillie Snyder,33,242105,Admin,Management,16746,VR Game,Emily Beck,Newgihe,RI
417988,Isaiah Robinson,24,398688,Admin,Management,69635,VR Game,Emily Beck,Dilogi,TN
648496,Virgie Jennings,40,399602,Clerk,Management,61518,Insurance,Emily Beck,Fewsuaw,NE
932696,Alan Singleton,50,441829,Admin,Management,65503,Automation,Lily Elliott,Osumenip,NY
944437,Norman Bass,47,016319,Clerk,Management,55007,Banking,Harvey Reeves,Bulsubna,ME
371901,Eric Malone,26,526767,Admin,Development,88613,Cryptocurrency,Emily Beck,Labwuuji,UT
226525,Lester Cohen,25,890281,Admin,Management,24072,Cryptocurrency,Lily Elliott,Uwetevig,MS
773971,Bruce Hubbard,63,165623,Programmer,Testing,21207,Automation,Lily Elliott,Hehlesub,MI
976161,Bill Barnett,61,883319,Clerk,Testing,39550,Banking,Emily Beck,Icmeiru,NM
509498,Kate Ward,20,974519,Manager,Testing,61191,Banking,Lily Elliott,Sipuraru,WY
765601,Julia Graham,55,428100,Tester,Testing,79090,Automation,Charles Perez,Toafepe,DE
005060,Hallie Hogan,19,790769,Tester,Development,04858,IOT,Emily Beck,Netbobe,GA
875790,Vincent Burgess,49,876666,Programmer,Management,10941,Banking,Emily Beck,Agodehe,OH
121609,Ryan Patton,65,469304,Tester,Management,34176,Automation,Harvey Reeves,Uhonozfam,MO
354153,Lelia Carson,23,244387,Programmer,Testing,87255,IOT,Adam McDaniel,Ihizova,AL
596114,Timothy Armstrong,38,057477,Manager,Management,75580,Cryptocurrency,Emily Beck,Jigtiudi,LA
257445,Austin Arnold,58,678132,Tester,Management,50373,VR Game,Charles Perez,Defwuhdah,DE
180622,Agnes Reese,31,122549,Programmer,Management,37551,VR Game,Charles Perez,Femlurmi,OH
677881,Harriet Hines,38,911166,Clerk,Testing,15305,Automation,Adam McDaniel,Pivuiki,VT
575404,Mitchell Baldwin,55,756847,Admin,Testing,81297,Cryptocurrency,Adam McDaniel,Numooj,TX
522664,Dollie Phelps,26,687440,Programmer,Development,73712,Banking,Harvey Reeves,Apwobe,TX
904681,Joel Washington,31,451591,Programmer,Development,09153,Insurance,Adam McDaniel,Fagjudava,OR
394998,Leona Harvey,49,459314,Admin,Management,43443,Automation,Harvey Reeves,Weaduta,CA
594822,Justin Alvarado,33,699129,Clerk,Testing,27765,Insurance,Emily Beck,Zeguzsi,WA
248264,Jonathan Stephens,65,154378,Manager,Management,82077,VR Game,Harvey Reeves,Lepanza,KY
042982,Elsie Guzman,30,423441,Admin,Development,06053,VR Game,Adam McDaniel,Pigriraf,IA
002974,Frank Lyons,41,985516,Clerk,Testing,80156,Cryptocurrency,Harvey Reeves,Jujhegdiv,AR
364091,Austin Marshall,60,508107,Admin,Management,68185,Cryptocurrency,Adam McDaniel,Totrailo,RI
281695,Delia Joseph,59,178082,Programmer,Testing,67556,IOT,Lily Elliott,Gifastom,ME
452751,Maude Marsh,49,178984,Tester,Management,54265,VR Game,Harvey Reeves,Noromjac,CT
938550,Edna Morton,60,062284,Programmer,Development,21984,VR Game,Adam McDaniel,Atagiusa,UT
673127,Erik Greene,60,155260,Tester,Management,45298,Banking,Emily Beck,Mavitlec,RI
219644,Esther Bishop,46,092588,Tester,Development,57685,Cryptocurrency,Harvey Reeves,Rigawi,WI
270181,Rhoda Wolfe,59,396823,Tester,Testing,63504,VR Game,Charles Perez,Busagmi,ID
364588,Eric Dunn,53,203793,Tester,Development,04145,Cryptocurrency,Adam McDaniel,Zufumbu,NC
418091,Wayne Barnes,55,094018,Manager,Management,91885,Cryptocurrency,Charles Perez,Hinuzun,FL
671623,James Mullins,57,181743,Manager,Management,67526,Insurance,Emily Beck,Zuvamezag,SD
090515,Virgie Schneider,41,771794,Tester,Development,49870,Automation,Harvey Reeves,Wowiroof,FL
945682,Leona Reese,18,109691,Manager,Management,12463,Banking,Lily Elliott,Owpete,MT
052395,Viola Poole,19,638086,Clerk,Management,70705,Cryptocurrency,Lily Elliott,Agunecke,CA
790439,Delia Taylor,46,729311,Clerk,Testing,86147,Insurance,Adam McDaniel,Dalhije,OK
332196,Derrick Bush,37,699040,Manager,Management,07005,Cryptocurrency,Adam McDaniel,Rerotpo,MN
410690,Jeff Richards,50,987753,Programmer,Development,52926,IOT,Harvey Reeves,Oramoar,OR
043095,Lelia Yates,62,140748,Admin,Development,99923,Cryptocurrency,Charles Perez,Jofinpe,NJ
589401,Duane May,36,442149,Admin,Testing,66067,IOT,Adam McDaniel,Nibnova,ND
086584,Willie Schneider,39,625779,Admin,Development,21958,IOT,Lily Elliott,Ginekpu,AZ
890656,Seth Elliott,51,757028,Clerk,Development,01893,IOT,Charles Perez,Owfuab,MI
520769,Larry Holloway,49,035847,Programmer,Development,85687,Automation,Emily Beck,Duaveje,OH
994899,Rodney Edwards,65,714766,Programmer,Development,86615,Banking,Harvey Reeves,Nuwares,NH
149606,Johnny Bell,35,252224,Admin,Development,48850,VR Game,Adam McDaniel,Otozuwbun,NH
528540,Etta Nguyen,32,339011,Manager,Development,50281,Cryptocurrency,Harvey Reeves,Edmuso,PA
614790,Cordelia Barrett,23,547786,Manager,Management,39667,IOT,Adam McDaniel,Gutkasdop,NJ
805086,Ann Watson,49,279976,Tester,Management,25422,IOT,Emily Beck,Buseve,WA
776361,Marguerite Young,64,560647,Admin,Management,86940,IOT,Charles Perez,Ewapaese,AL
410183,Theodore Tyler,18,376667,Admin,Testing,15866,Cryptocurrency,Harvey Reeves,Ognosus,MN
926268,Ralph Gilbert,43,042935,Clerk,Development,17654,Cryptocurrency,Harvey Reeves,Juktaktu,CO
362877,Miguel Sutton,59,295497,Admin,Testing,77437,Automation,Emily Beck,Atsiiz,IA
988284,Annie Ramirez,60,468181,Clerk,Management,42562,Cryptocurrency,Charles Perez,Ezfawow,LA
505535,Sadie Bryant,57,641717,Programmer,Management,29624,VR Game,Emily Beck,Wowiag,RI
242992,Leo Oliver,48,942790,Programmer,Management,13840,Banking,Adam McDaniel,Bedhikav,LA
592969,Jesse Tyler,20,489111,Tester,Development,58601,Insurance,Lily Elliott,Righotdob,CT
528232,Erik Ferguson,57,611737,Tester,Management,26171,VR Game,Emily Beck,Azuawjol,NH
201597,Effie Austin,45,438804,Clerk,Development,56430,Automation,Lily Elliott,Ukjuvru,KS
680601,Franklin Soto,39,698290,Manager,Development,43928,Automation,Adam McDaniel,Iwozosifa,HI
685036,Christopher Price,57,250704,Manager,Management,30229,Cryptocurrency,Adam McDaniel,Zeehtet,WA
608284,Evan Diaz,63,711442,Tester,Testing,88902,Cryptocurrency,Charles Perez,Suzsiwow,MD
112427,Irene Vargas,36,537076,Programmer,Development,91660,Insurance,Lily Elliott,Zibisse,KY
025439,Sophia Watts,58,981271,Admin,Management,61603,Banking,Harvey Reeves,Fuzvawim,NJ
512279,Hunter Newton,42,530132,Admin,Development,82913,Banking,Lily Elliott,Pojufugo,KY
648350,Marguerite Hodges,45,443332,Clerk,Testing,29015,Banking,Adam McDaniel,Furmuve,KY
338725,Lydia Lambert,38,214633,Admin,Testing,45332,IOT,Harvey Reeves,Panukez,NJ
047098,Alexander Sanchez,35,866408,Clerk,Development,93840,IOT,Harvey Reeves,Dagucha,VA
614035,Rosalie Fields,42,576258,Tester,Testing,97914,Automation,Charles Perez,Norudbit,TX
723317,Sylvia Bush,53,116122,Tester,Development,75860,Insurance,Emily Beck,Nuntoow,AK
580573,Mabel Shelton,23,400752,Admin,Testing,93031,Automation,Harvey Reeves,Vuomivob,AL
213135,Paul Obrien,55,979945,Clerk,Development,54471,Automation,Emily Beck,Kemekap,HI
842549,Thomas Alvarez,54,793281,Admin,Development,12723,VR Game,Adam McDaniel,Mocbaki,NC
701320,Chase Brewer,49,462228,Manager,Management,07913,Banking,Charles Perez,Sadceggo,NJ
